"feature";"frequency"
"while";57
"the";3477
"world";54
"two";100
"family";36
"members";11
"recently";10
"asked";21
"me";313
"if";233
"i";1364
"was";520
"still";86
"alive";7
"they";257
"follow";43
"this";426
"blog";31
"to";2177
"stay";24
"updated";3
"on";572
"my";500
"life";60
"and";1867
"apparently";10
"fact";21
"that";837
"haven't";14
"in";1079
"a";1772
"month";23
"leads";3
"concern";3
"about";224
"well";103
"being";74
"so";327
"is";922
"just";257
"quick";12
"update";6
"say";61
"yes";41
"i'm";179
"everything";25
"fine";11
"no";165
"died";10
"or";220
"off";82
"face";18
"of";1399
"earth";13
"i've";44
"been";130
"really";118
"busy";7
"initial";2
"ache";2
"pain";11
"has";184
"seemed";12
"slightly";5
"some";178
"days";32
"it";775
"very";98
"others";24
"it's";200
"quite";21
"transparent";2
"am";73
"beginning";6
"get";183
"grasp";4
"what";233
"living";18
"without";31
"her";182
"now";131
"we";357
"have";440
"moved";19
"past";18
"into";84
"upon";11
"new";138
"journey";6
"down";60
"different";27
"path";4
"always";53
"take";82
"rest";19
"along";21
"way";99
"close";19
"eyes";13
"try";37
"imagine";11
"how";133
"differently";4
"our";127
"would";155
"miss";16
"something";59
"never";73
"sure";46
"will";222
"grilled";4
"cheese";9
"loved";17
"polished";3
"ok";18
"lots";8
"spice";2
"medium";7
"body";18
"good";160
"nose";8
"little";72
"head";27
"fair";6
"but";378
"dry";11
"finish";9
"putting";12
"could";73
"be";410
"isn't";23
"fresh";7
"bottle";12
"improperly";3
"either";14
"doesn't";35
"seem";14
"right";83
"its";96
"not";328
"like";198
"bad";43
"matter";19
"you";781
"decided";12
"your";232
"degree";6
"online";17
"are";376
"going";109
"after";71
"person";26
"taught";2
"write";16
"properly";4
"able";19
"with";504
"any";93
"career";10
"parts";3
"area";22
"there";201
"also";89
"lot";42
"reason";14
"for";733
"does";39
"financial";14
"however";16
"surprised";5
"hear";23
"least";28
"favourite";2
"aspect";3
"compromise";3
"design";13
"painted";4
"square";5
"decision";10
"rather";19
"than";89
"usual";5
"small";18
"corner";6
"marks";3
"show";57
"pitch";4
"chose";6
"more";195
"obvious";5
"lines";4
"which";94
"were";149
"meant";5
"evoke";2
"had";166
"convinced";3
"taste";6
"ugly";7
"car";19
"park";9
"love";111
"leaves";7
"okay";17
"don't";127
"see";105
"as";367
"significant";4
"story";29
"look";67
"pretty";29
"gonna";15
"give";43
"up";234
"did";89
"first";96
"time";181
"impulse";3
"swing";2
"clearly";8
"several";24
"months";12
"beyond";12
"age";13
"range";4
"threw";5
"baby";23
"around";36
"sat";8
"champ";2
"started";30
"uncertain";2
"by";202
"end";42
"here's";12
"hubby";2
"coming";36
"from";294
"hospital";5
"yesterday";16
"finally";15
"why";82
"committed";3
"writing";17
"one";240
"music";29
"video";13
"part";39
"post";30
"come";68
"play";39
"song";17
"robert";6
"palmer";3
"might";44
"explain";7
"listen";8
"much";105
"because";96
"find";42
"simply";9
"irresistible";2
"motorola";2
"conflict";3
"outside";17
"us";90
"began";6
"microsoft";6
"move";20
"against";28
"prompted";3
"germany";2
"headquarters";3
"out";219
"german";6
"town";10
"where";83
"safer";2
"far";26
"faster";3
"then";103
"their";141
"american";21
"counter";2
"known";14
"ban";3
"sales";18
"distribution";2
"technology";4
"heart";21
"beat";17
"here";66
"beautiful";23
"creations";4
"team";41
"stop";33
"next";46
"thursday";14
"inspiration";9
"b";7
"remains";6
"longest";2
"run";25
"talk";29
"u.s";27
"television";7
"history";17
"daily";5
"walk";9
"other";124
"day";120
"girls";13
"nice";38
"warm";12
"walked";3
"noticed";5
"left";38
"plastic";7
"water";16
"front";8
"know";145
"most";89
"people";144
"stick";5
"bottles";4
"wondered";2
"drink";6
"hope";51
"ask";24
"especially";19
"when";215
"exposed";3
"heat";8
"release";6
"chemicals";2
"drinking";6
"these";56
"including";26
"bpa";2
"dangerous";6
"basically";6
"sound";6
"results";6
"profit";2
"man";44
"he";321
"gains";2
"whole";17
"his";201
"soul";7
"exchange";5
"though";51
"suffering";2
"christ";10
"cared";2
"honored";3
"click";3
"favorite";14
"picture";10
"book";34
"simple";8
"point";26
"hilarious";4
"worm";3
"an";191
"turning";2
"heroes";2
"aren't";8
"matching";2
"night";46
"away";35
"activists";3
"ideologically";2
"rigid";2
"parties";4
"lead";8
"struggle";5
"depending";2
"exact";5
"model";9
"can";195
"circumstances";3
"activist";2
"preferred";3
"let";30
"english";10
"instead";19
"league";8
"vs";7
"better";56
"served";5
"politics";2
"mentioned";3
"above";16
"lotion";3
"amount";8
"present";9
"rich";10
"creamy";4
"texture";4
"only";87
"drops";2
"enough";21
"gets";20
"quickly";6
"skin";7
"smooth";2
"feeling";20
"behind";23
"non";8
"guess";11
"product";11
"suitable";2
"mature";6
"works";9
"bath";3
"winter";7
"season";23
"all";270
"types";2
"feel";42
"work";73
"flight";5
"went";44
"hate";16
"flying";2
"combined";6
"led";10
"tears";2
"lord";4
"home";56
"safe";19
"plane";6
"landed";3
"ben";3
"looked";9
"at";374
"says";45
"cry";6
"he's";30
"lucky";8
"him";93
"vince";3
"hit";20
"wine";19
"true";25
"passion";3
"unfortunately";6
"even";96
"list";13
"yet";37
"do";195
"cabernet";2
"glass";3
"regular";11
"restaurants";5
"price";10
"house";44
"restaurant";8
"believe";30
"wines";2
"can't";72
"blame";13
"highlight";3
"rising";3
"costs";4
"products";3
"probably";27
"idea";23
"remember";18
"number";16
"big";49
"brewers";2
"pub";2
"companies";7
"certain";10
"stocking";2
"policy";11
"involves";2
"mainstream";2
"brands";2
"moment";8
"e";7
"books";23
"want";90
"suspect";6
"buying";2
"reporting";2
"back";116
"they've";2
"read";38
"done";29
"them";128
"bought";9
"paid";11
"couple";17
"mostly";4
"used";41
"thing";56
"stuff";18
"normally";3
"laptop";2
"last";71
"using";26
"kindle";2
"didn't";68
"make";113
"itself";9
"game";45
"soldiers";2
"improve";6
"before";64
"i'd";20
"think";97
"use";49
"making";32
"text";10
"eye";4
"caught";8
"things";64
"missed";9
"computer";12
"times";25
"desk";2
"knowing";3
"colleagues";2
"gave";7
"gift";8
"penhaligons";2
"turned";8
"easy";15
"choice";8
"aware";8
"many";71
"perfumes";2
"put";49
"visits";4
"smelling";3
"three";32
"approved";3
"guide";2
"already";34
"bertrand";2
"similar";8
"mind";22
"du";3
"anyway";10
"cast";8
"iron";2
"needs";19
"heated";2
"almost";26
"red";23
"wanted";25
"we'd";7
"need";75
"roof";2
"another";47
"plan";17
"fly";9
"sky";5
"google";9
"term";5
"muslim";2
"whites";2
"prepare";4
"shocked";2
"europe";8
"provided";7
"comment";11
"section";7
"dive";3
"great";91
"watching";21
"sparks";2
"keeps";9
"guessing";4
"until";24
"page";9
"terrible";4
"whom";8
"elizabeth";4
"herself";3
"men";8
"ending";5
"suspenseful";2
"tell";37
"garden";6
"replied";2
"hey";27
"got";78
"merry";2
"england";4
"during";29
"reign";3
"queen";3
"police";22
"state";46
"crime";4
"mass";6
"free";31
"having";37
"every";42
"together";28
"ideas";7
"said";254
"should";61
"over";81
"drunk";7
"driving";12
"wishing";2
"fantastic";3
"monday";14
"start";43
"week";40
"maybe";29
"andy";2
"murray";3
"father";9
"few";48
"years";40
"nameless";2
"mother";18
"figure";10
"spend";14
"kids";27
"experience";18
"promise";6
"tomorrow";21
"stuck";5
"fun";38
"grumpy";2
"scottish";4
"stubble";2
"wonders";2
"ourselves";9
"wasn't";20
"happening";10
"grief";2
"tragedy";4
"hatred";2
"goodness";4
"holds";4
"who";213
"die";3
"happiness";4
"we're";29
"throwing";3
"harbor";3
"catching";2
"wind";3
"explore";3
"dream";9
"discover";2
"truth";15
"comfy";3
"nursing";2
"bras";2
"ones";13
"oh";45
"once";29
"milk";4
"came";26
"ended";7
"too";106
"liked";10
"sports";8
"style";6
"words";21
"comes";26
"everyone";55
"tuesday";14
"again";48
"challenge";18
"since";30
"sponsored";2
"none";5
"valley";5
"anything";29
"goes";20
"option";7
"april";5
"class";21
"card";9
"you're";40
"forgot";4
"nerve";6
"pills";3
"old";26
"saying";28
"date";13
"version";3
"hold";14
"pill";2
"i'll";34
"mix";8
"go";100
"desert";4
"discuss";3
"neighbors";4
"swear";2
"italian";7
"opera";3
"weber";4
"incredibly";5
"character";5
"foundation";3
"loss";7
"therefore";3
"innocence";2
"collins";3
"creates";2
"care";27
"root";2
"wish";19
"protect";6
"throughout";9
"entire";8
"she";170
"hunger";6
"games";13
"hosted";2
"fighter";2
"sister";9
"makes";30
"fabulous";5
"shoes";10
"photo";11
"took";23
"display";5
"chicago";16
"year";62
"boots";2
"high";36
"site";14
"west";10
"em";10
"shit";13
"hard";32
"yourself";15
"seriously";11
"both";42
"wait";30
"cash";2
"although";10
"tonight";36
"daniel";6
"seeing";12
"christian";4
"bruised";3
"table";11
"match";9
"recommendations";2
"launched";3
"campaign";9
"june";5
"title";5
"metamorphose";2
"change";31
"constantly";5
"within";17
"irony";3
"towards";4
"closer";5
"perhaps";12
"live";22
"lives";14
"adding";9
"layers";3
"thick";2
"themselves";4
"believes";5
"trying";34
"dig";3
"deeper";3
"forgotten";6
"carter";5
"definitely";12
"type";7
"teacher";8
"school";59
"there's";32
"mac";3
"casual";5
"fling";2
"dealing";5
"screening";2
"mother's";5
"phone";14
"calls";4
"turn";15
"expect";11
"groups";5
"colorado";4
"branch";2
"union";9
"written";11
"support";23
"effort";7
"myself";22
"vehicle";4
"built";6
"sit";11
"beside";2
"driver";4
"four";28
"tiny";9
"seats";3
"facing";4
"each";34
"ahead";6
"via";7
"berlin";2
"full";26
"recording";2
"inspiring";2
"found";25
"reading";15
"news";22
"wrong";24
"human";9
"error";3
"promote";4
"cause";18
"sometimes";25
"crucial";4
"facts";2
"shocking";3
"fat";6
"pink";3
"succeed";4
"animals";3
"tight";7
"powerful";5
"concept";3
"album";5
"stumble";2
"studio";2
"nowhere";2
"sounds";15
"soundtrack";2
"grade";5
"horror";3
"movie";13
"cannot";13
"fail";3
"pay";11
"tribute";2
"presence";7
"barrett";2
"band's";2
"early";22
"waters";2
"obsessed";3
"subject";7
"perception";2
"contribution";2
"legend";4
"madness";2
"tune";5
"greater";9
"mystery";5
"existence";2
"universe";5
"understand";14
"labels";4
"perfectly";3
"format";2
"welcome";13
"download";3
"following";17
"link";5
"below";4
"cut";15
"individual";6
"cards";11
"smile";4
"sign";16
"peace";9
"treaty";2
"permission";2
"letter";7
"public";35
"beunka";2
"adams";3
"unit";3
"texas";5
"death";18
"row";3
"confessed";2
"involved";12
"robbery";2
"store";10
"employee";4
"shot";5
"killed";9
"calm";3
"ease";2
"else";23
"crazy";15
"moonwalking";2
"einstein";2
"participating";3
"championship";3
"fashion";8
"addresses";2
"interesting";14
"issues";13
"discussed";3
"posts";3
"advise";2
"learning";10
"content";7
"justice";3
"missing";8
"andrew";3
"g";3
"competing";3
"markets";3
"eventually";5
"impact";4
"premium";2
"line";21
"vet";3
"staff";6
"meet";18
"door";8
"arrived";7
"tubes";4
"thrilled";3
"walking";4
"lady";11
"awesome";18
"god";29
"mom";17
"dad";11
"pulled";4
"through";50
"job";39
"taking";16
"holes";3
"dried";2
"except";6
"draining";2
"collar";2
"group";24
"parent";4
"education";20
"made";58
"such";32
"difference";9
"saddened";2
"ale";4
"marxist";3
"positioned";2
"real";40
"appeal";8
"actual";4
"working";31
"opinion";2
"craft";4
"breweries";2
"recognize";3
"beer";13
"luxury";6
"wall";14
"market";17
"remain";6
"observations";3
"ish";2
"retain";2
"despite";10
"seemingly";2
"takes";15
"sex";7
"major";9
"problem";19
"wolves";2
"searched";2
"wouldn't";13
"hang";5
"female";4
"appeared";6
"radar";2
"hell";17
"they'd";5
"share";17
"watch";25
"noted";3
"key";13
"today";84
"special";8
"morning";47
"sd";2
"black";34
"hills";4
"grateful";4
"relationship";10
"blessings";3
"given";16
"celebration";3
"birthday";15
"lovely";12
"faces";5
"language";4
"may";46
"composition";4
"teaches";2
"mindset";2
"gives";11
"critical";2
"corruption";3
"nepotism";2
"country";20
"question";18
"deep";7
"leaders";10
"admitted";5
"government";17
"bank";8
"building";12
"narrow";2
"stepped";2
"halfway";3
"thank";55
"blessed";7
"ability";13
"communicate";4
"wonderful";11
"connection";5
"continue";9
"forget";12
"help";37
"learn";22
"lift";2
"jesus";8
"name";21
"amen";4
"flower";5
"stitched";2
"top";32
"added";13
"beads";2
"gold";6
"glitter";5
"circles";4
"dies";3
"keep";49
"suppose";4
"ink";3
"perseverance";2
"side";20
"creativity";3
"requires";6
"impossible";9
"accomplish";2
"important";18
"self";21
"discipline";5
"current";6
"child";14
"practices";3
"short";15
"trait";2
"best";73
"provide";16
"young";24
"tools";5
"episode";7
"fortune";3
"gang";3
"mansion";2
"complete";9
"green";13
"laughing";2
"pic";5
"island";5
"edge";3
"cliff";3
"realized";2
"foods";4
"sleep";22
"calendar";5
"filling";3
"goodbye";3
"sadness";3
"final";11
"countdown";3
"bearable";2
"birds";4
"dead";17
"sea";3
"those";66
"adults";4
"loves";11
"gay";6
"dark";11
"secret";6
"open";26
"loud";5
"shine";3
"light";18
"positive";8
"afraid";7
"terms";5
"stand";13
"god's";9
"children";13
"voice";10
"darkness";4
"someone";37
"wip";2
"ufo";2
"worked";12
"becomes";5
"untouched";2
"fairly";4
"long";48
"period";8
"length";3
"knitter";2
"totally";12
"shopping";11
"ran";5
"friend";16
"business";18
"same";60
"wishes";7
"friends";46
"defense";9
"needed";28
"lesson";5
"huh";4
"yay";6
"info";15
"homework";4
"research";13
"instance";3
"john";19
"adventure";3
"place";47
"region";4
"brother";11
"heard";16
"lost";11
"treasure";2
"tucson";3
"learned";11
"mining";2
"copper";2
"mine";10
"plethora";2
"become";15
"blocks";3
"encourage";2
"readers";11
"own";31
"conclusions";3
"test";10
"complaint";2
"lack";7
"recent";10
"half";25
"dance";8
"smells";5
"laundry";2
"decide";10
"wear";12
"wash";3
"beneath";2
"jones";5
"hides";2
"memories";4
"super";16
"vacation";4
"troops";2
"must";27
"leader";5
"jon";3
"jean";4
"hot";13
"pepper";3
"micro";2
"message";10
"decides";4
"deal";9
"kept";5
"order";2
"sense";15
"avoid";7
"hole";3
"sucked";3
"answer";7
"thought";38
"happened";10
"treated";3
"respect";6
"deserved";5
"toward";3
"mean";17
"won't";18
"forgive";3
"screw";2
"piece";14
"sort";13
"sprayed";2
"continued";5
"coats";3
"painters";2
"touch";14
"generous";3
"sponsor";2
"steve";10
"intent";2
"issue";9
"advertising";8
"approach";4
"irresponsible";2
"standard";4
"subtlety";2
"ol";5
"ideals";2
"beauty";7
"sensitivity";2
"fear";6
"bed";14
"huge";13
"wolf";3
"resting";2
"chest";3
"looking";32
"hi";14
"patrick";3
"large";16
"coffee";10
"cream";5
"sugar";7
"st";17
"abbey";3
"beers";4
"passing";2
"sweet";23
"couldn't";11
"alternative";2
"headed";5
"north";17
"salt";5
"lake";2
"wide";8
"streets";5
"perfect";9
"example";8
"street";8
"bike";3
"weather";6
"spectacular";4
"knee";4
"acknowledge";2
"dh";2
"brought";7
"boxes";2
"dot";2
"attempt";3
"easter";6
"photos";6
"pile";2
"trailer";4
"bit";34
"wild";4
"actually";26
"jokes";2
"film";14
"bat";3
"fan";13
"soft";3
"that's";65
"shirt";8
"dress";7
"bottom";7
"raw";6
"falling";2
"primary";3
"purchase";6
"popular";3
"amazon.com";3
"equally";3
"equal";4
"joseph";6
"nail";2
"millions";5
"statistic";2
"deals";4
"girl";21
"fiction";7
"breathing";2
"seven";8
"late";14
"longer";13
"anticipated";3
"shower";4
"ready";17
"ate";5
"second";27
"emotion";4
"amazing";25
"connect";5
"crying";6
"saw";16
"theatre";3
"project";21
"cameron";2
"invited";2
"famous";8
"movies";5
"ever";34
"city";46
"superb";2
"played";16
"onto";6
"owned";2
"asset";3
"sale";4
"brothers";4
"trivial";3
"pursuit";2
"dialogue";2
"ad";8
"hearts";5
"opened";6
"professional";2
"aging";2
"parents";13
"common";9
"aunts";2
"growing";9
"near";8
"grown";9
"sons";2
"lily";5
"daisy";2
"whose";11
"nature";6
"expression";2
"clear";13
"professionalism";2
"bring";12
"bright";3
"intelligence";4
"suddenly";4
"control";13
"dear";11
"spoke";4
"quiet";5
"matters";3
"careful";3
"genre";5
"account";8
"wise";5
"grandparents";2
"completely";5
"realistic";4
"interests";5
"relate";2
"worth";13
"willing";2
"lay";5
"bare";2
"express";4
"joy";4
"nurses";3
"accordingly";3
"nurse";6
"puerto";2
"named";5
"brings";4
"food";28
"polish";2
"amy";3
"mini";5
"fridge";2
"room";29
"variety";8
"sodas";2
"wendy";2
"likes";11
"visit";17
"she's";21
"particularly";7
"talking";16
"cousin";6
"runs";3
"therapy";4
"dog";9
"program";21
"guys";17
"comfort";3
"worse";9
"system";21
"task";5
"letting";2
"citizens";3
"available";17
"located";2
"transportation";4
"options";8
"hours";14
"operation";2
"services";12
"flax";2
"single";13
"stages";2
"anti";7
"blue";14
"soothing";2
"add";19
"boy";24
"star";11
"football";11
"hands";11
"nothing";34
"what's";19
"less";29
"fifteen";2
"percent";3
"student";8
"participate";3
"greek";8
"students";23
"capable";2
"they're";26
"arts";4
"rely";3
"source";5
"social";17
"campus";4
"colleges";2
"universities";2
"usually";10
"schools";10
"programs";10
"unless";7
"older";11
"watched";8
"necessarily";2
"college";10
"enter";6
"kinds";2
"woke";2
"saturday";14
"race";7
"supposed";9
"hour";7
"excited";10
"position";9
"upcoming";4
"documentary";3
"follows";4
"six";10
"dancers";2
"youth";4
"america";8
"grand";4
"prix";2
"prestigious";2
"ballet";2
"world's";4
"lifelong";2
"dreams";14
"hundreds";8
"handful";2
"scholarships";2
"contracts";2
"m";9
"animal";3
"ratchet";2
"sorely";2
"kudos";2
"speaking";3
"word";19
"rant";4
"teaching";6
"nd";2
"rules";8
"concerning";4
"prior";6
"seen";19
"characteristic";2
"dynamic";2
"qualities";2
"skyscraper";2
"due";6
"closely";6
"excess";4
"placed";3
"between";27
"floor";5
"environmentally";2
"construction";6
"power";17
"energy";13
"stamp";3
"ali";3
"edwards";2
"technique";2
"sleek";3
"belongs";2
"breaks";3
"money";28
"buy";15
"truly";12
"kindness";5
"inspired";6
"quote";7
"participant";2
"amazon";5
"llc";2
"eu";3
"associates";2
"programmes";2
"designed";5
"means";10
"sites";6
"earn";3
"fees";3
"linking";4
"amazon.ca";2
"amazon.co.uk";2
"amazon.de";2
"amazon.fr";2
"amazon.it";2
"amazon.es";2
"removal";2
"call";26
"camp";6
"whether";15
"passed";8
"bloody";4
"felt";11
"leave";13
"poor";9
"kid";14
"laugh";3
"winning";5
"pause";2
"earlier";12
"we've";17
"established";3
"awake";2
"needing";3
"oil";7
"basis";2
"foul";2
"nor";4
"playing";21
"sport";2
"bracelet";3
"event";9
"featured";3
"possible";13
"discomfort";2
"misleading";2
"draw";9
"likely";15
"suicide";4
"anyone";28
"china";5
"howard";5
"described";6
"lone";2
"trained";2
"shipped";2
"afghanistan";4
"military";6
"act";20
"civilians";2
"hidden";3
"practical";2
"science";5
"vast";3
"born";7
"separate";5
"classical";3
"practice";8
"promotion";2
"retailer";2
"contest";4
"buzz";3
"promo";2
"kit";3
"captain";6
"stories";12
"tom";10
"chess";3
"jake";2
"becoming";4
"nightly";2
"routine";2
"shall";7
"you'll";20
"produce";4
"white";28
"nights";5
"virtually";3
"explanation";4
"therapeutic";2
"forgetting";2
"clinic";4
"memento";3
"spent";7
"characters";6
"related";4
"fairy";3
"seems";11
"access";7
"fairies";2
"somehow";5
"magical";5
"resources";6
"trees";2
"seeds";5
"items";7
"shows";9
"third";18
"kind";19
"emma";4
"possibly";3
"snow";5
"wardrobe";6
"court";11
"patents";3
"citing";2
"examples";2
"arguments";5
"hopes";4
"mid";2
"argument";2
"honor";4
"stupid";6
"invention";2
"examined";2
"application";6
"proposed";2
"justices";2
"firstly";2
"depend";2
"grow";6
"handle";4
"responsibility";5
"regularly";2
"package";2
"adult";5
"absolute";2
"gems";2
"commenting";2
"conversation";4
"sane";2
"society";11
"low";14
"criminal";5
"welfare";3
"article";3
"nation's";3
"newspaper";2
"record";6
"honesty";3
"value";3
"net";4
"drain";3
"community";16
"random";5
"rookie";2
"stars";4
"smaller";5
"sets";2
"finished";9
"mike";6
"rid";2
"suggestions";5
"habit";6
"determine";5
"assumed";2
"owls";2
"allowed";6
"cultures";4
"serve";11
"teachers";8
"native";5
"offensive";4
"include";6
"resist";2
"address";4
"various";8
"aspects";2
"one's";7
"health";11
"condition";5
"shared";5
"weekend";23
"knew";15
"crash";3
"slowly";9
"host";4
"understands";2
"tells";9
"eat";16
"alone";8
"meal";4
"sensitive";2
"entertainment";3
"empire";2
"build";17
"launch";4
"utterly";3
"theme";4
"odds";6
"academy";3
"awards";5
"keeping";7
"moving";10
"mustache";2
"communities";4
"action";12
"form";9
"spirit";5
"direct";4
"democracy";5
"offer";11
"disposal";3
"hand";22
"violence";7
"iraq";4
"doing";35
"require";7
"casualties";3
"thus";4
"fight";9
"radical";2
"village";2
"vietnam";2
"era";5
"nation";9
"outcome";3
"improvement";5
"existing";4
"middle";8
"east";6
"ladies";9
"sharing";5
"talent";6
"slide";2
"grab";3
"pride";2
"guest";7
"member";8
"future";15
"images";6
"send";16
"email";6
"cohen";3
"where's";2
"excuse";5
"analysis";3
"painting";3
"areas";12
"paint";7
"brush";5
"fill";5
"gaps";2
"knows";14
"lightly";2
"corinne";2
"bringing";6
"she'll";2
"certainly";12
"giving";12
"grip";2
"allows";7
"carry";3
"normal";5
"sad";13
"actions";3
"christmas";8
"approaching";2
"butt";4
"gear";2
"decorations";3
"waited";2
"joe";5
"fall";19
"delicate";2
"mistake";5
"former";25
"lawyer";2
"tony";4
"administration";2
"author";2
"legal";7
"war";10
"bodies";3
"bafpa";2
"allegation";2
"comments";5
"adopting";2
"adolescent";3
"government's";4
"jack";16
"hilary";2
"bold";2
"yours";6
"monitor";4
"amateur";2
"plays";8
"stage";12
"events";5
"running";12
"carrying";3
"clothes";7
"models";4
"fixing";4
"check";23
"image";8
"peter";3
"bach";4
"memorial";6
"sloan";3
"cancer";5
"center";10
"york";17
"wrote";6
"report";15
"concluded";3
"confidence";6
"guy";24
"summer";22
"connecticut";2
"intense";3
"scattergories";2
"girlfriend";3
"allegedly";2
"sub";2
"clues";2
"increasing";5
"frustration";2
"fast";16
"skills";7
"slight";2
"perspiration";2
"became";7
"angry";5
"sweat";4
"sides";3
"ago";16
"happens";9
"decades";6
"recognition";2
"relic";2
"reminder";4
"reality";6
"minds";4
"problems";6
"showed";6
"numbers";5
"possibilities";2
"helped";7
"struggling";6
"causing";3
"fluid";3
"performed";3
"told";27
"comfortable";5
"opportunities";4
"hopefully";5
"answers";5
"whatever";7
"division";5
"amongst";2
"enemy";3
"woman";11
"victim";5
"description";4
"search";4
"hair";13
"clip";3
"flowers";6
"blockette";2
"niecy";2
"nash";2
"statement";11
"limited";9
"backed";3
"tv";11
"placement";2
"soap";4
"operas";2
"recall";2
"cute";10
"sock";2
"yarn";2
"thousand";4
"case";21
"five";18
"susan";4
"lover";2
"ebook";3
"cradle";2
"islands";2
"pissed";2
"minutes";5
"clean";4
"graffiti";2
"scattered";2
"bathroom";3
"upset";4
"empty";2
"realizing";2
"homeless";2
"escape";6
"frankly";4
"fucking";10
"tired";12
"crap";8
"anymore";8
"doubt";5
"blow";5
"occasionally";3
"wonder";17
"fighting";6
"fuck";16
"hurt";8
"getting";46
"break";13
"ups";5
"nearly";5
"suck";3
"feels";9
"sorry";17
"asking";7
"forward";21
"gradually";2
"meticulously";2
"picked";9
"transport";2
"south";13
"africa";6
"wheels";3
"developed";3
"optional";2
"cheap";7
"expensive";6
"uk";4
"bus";9
"pass";9
"unlimited";2
"travel";5
"basic";4
"granted";4
"weren't";6
"covered";6
"happy";47
"silence";2
"admit";10
"mistakes";2
"belly";3
"frankenstein";2
"hat";4
"dinner";18
"ellie";2
"camera";4
"sell";10
"spain";4
"france";2
"changing";4
"string";3
"cord";3
"often";14
"daughter";8
"scout";3
"beading";2
"accomplished";2
"goal";12
"creating";2
"apt";2
"consider";6
"library";5
"owns";4
"copy";6
"bowls";2
"suits";2
"thrown";4
"lions";2
"sending";7
"sharia";2
"hated";4
"realize";3
"rock";14
"n";6
"roll";4
"submit";2
"fundamental";2
"universal";3
"surprisingly";3
"defence";2
"goals";6
"surprising";2
"bunch";6
"average";4
"players";16
"ducks";5
"danny";3
"picks";3
"sergio";2
"hasn't";4
"else's";4
"toys";4
"signed";11
"backs";2
"arrival";2
"successful";9
"slow";8
"strength";4
"dan";2
"mound";2
"catch";6
"attention";9
"baseball";8
"coach";14
"university";8
"offered";3
"scholarship";2
"thanks";71
"gals";2
"telling";6
"blood";9
"drive";14
"appreciate";7
"efforts";6
"spread";6
"ribbon";4
"stash";2
"tied";2
"modern";10
"republican";5
"rank";4
"file";5
"talks";5
"obama";8
"easier";6
"crappy";2
"till";5
"bitter";3
"afternoon";14
"useless";3
"straw";2
"saving";4
"behave";2
"called";26
"besides";7
"forms";3
"pet";3
"names";3
"cool";20
"background";4
"main";5
"forever";9
"pleasant";2
"vinegar";4
"smell";6
"bay";3
"harm";5
"cats";4
"kitchen";9
"nasty";4
"ripe";2
"delicious";4
"cat";6
"cleaning";3
"office";14
"moldy";2
"hide";2
"wool";3
"rug";2
"chemical";2
"spot";10
"air";5
"pointing";2
"sleeping";5
"spending";10
"absolutely";7
"loving";5
"opposed";2
"physical";10
"bersih";2
"genuine";2
"people's";3
"movement";5
"struck";3
"among";10
"malaysians";2
"stopped";5
"regardless";3
"referendum";2
"held";10
"supports";2
"overwhelming";3
"majority";2
"explaining";3
"ridiculous";4
"logic";3
"united";6
"states";16
"bullying";2
"canada";5
"americans";4
"nations";2
"reservations";4
"reserves";2
"typically";3
"deadly";3
"addiction";3
"reserve";3
"band";16
"tainted";2
"shitty";3
"tea";8
"party";28
"ground";7
"beef";3
"recipes";3
"p";12
"lol";62
"opportunity";10
"starting";9
"seated";2
"cross";5
"leg";5
"stack";2
"knees";4
"extent";3
"arm";7
"elbow";3
"drop";10
"bend";2
"reach";12
"contact";5
"fingers";2
"lifting";2
"straight";8
"kingdom";2
"heaven";2
"currently";8
"hotel";6
"valet";2
"parking";4
"confirmed";3
"arrive";2
"friday";28
"parker";3
"checked";2
"inside";9
"grim";2
"quit";5
"matches";2
"sixteen";2
"evie";2
"greene";3
"losing";7
"killing";4
"forced";6
"accept";8
"exciting";6
"peachy";2
"enjoy";17
"waiting";12
"verdict";2
"blogs";3
"paris";2
"focus";6
"weeks";14
"protesters";3
"barrage";2
"trip";14
"ensure";3
"beach";7
"course";16
"ribbons";2
"budget";9
"olympic";2
"extravaganza";3
"safety";9
"dots";3
"stayed";4
"labor";5
"engaged";3
"mask";3
"teeth";4
"overall";3
"effect";4
"cases";4
"complex";9
"selection";3
"nervous";4
"chairman";7
"refused";3
"authority";8
"knowledge";7
"exactly";11
"roberts";2
"argued";3
"illiberal";2
"confirms";2
"liberal";3
"reputation";4
"speak";8
"bok";2
"choy";2
"flavor";5
"cook";8
"recipe";5
"lemon";5
"changes";6
"ingredients";5
"turkey";2
"stoupe's";2
"production";7
"spotlight";2
"review";8
"whenever";3
"force";12
"sample";3
"choose";8
"spectrum";2
"difficulty";2
"eating";11
"he'd";5
"betray";2
"would've";3
"patrol";5
"planning";9
"blast";5
"finding";9
"questions";11
"shooting";4
"shops";2
"closed";5
"activities";6
"vendors";2
"owner";7
"tie";2
"property";10
"owners";4
"dr";7
"sunnyboy";2
"lego";5
"club";15
"magazine";4
"tracking";4
"device";2
"smart";6
"father's";2
"unlike";3
"lately";11
"laughter";2
"suited";4
"secure";4
"loose";2
"wire";2
"paul";10
"stronger";2
"drinker";2
"dos";2
"equis";2
"commercials";2
"de";6
"freakin";3
"doo";2
"chuck";4
"norris";3
"blogging";2
"exhausted";2
"journals";2
"pinks";2
"greens";2
"younger";5
"generations";2
"mafia";2
"textured";2
"visual";3
"whoa";3
"scenes";2
"nearby";6
"airport";2
"wants";17
"emme";3
"sophie";2
"ethan";2
"seniors";3
"performing";3
"senior";8
"showcase";4
"pressure";4
"singer";5
"songs";6
"plenty";6
"press";7
"coverage";3
"acting";5
"perform";7
"funny";9
"touching";3
"finale";2
"paper";11
"cardstock";2
"heidi";2
"chill";3
"austin";6
"husband";8
"publishing";3
"media";14
"higher";5
"plus";4
"medicine";5
"law";15
"happen";18
"expand";2
"blowing";6
"backgrounds";3
"chance";11
"wagon";2
"ignoring";3
"annoyed";2
"exploitative";2
"assign";2
"ugh";6
"solution";4
"lewis";5
"reasons";8
"racist";3
"boyfriend";5
"nap";2
"chilled";2
"weird";9
"awkward";3
"cousins";2
"amused";2
"annoying";3
"anyways";2
"presents";4
"grandma";4
"handed";3
"boys";11
"stewing";2
"staying";7
"tried";10
"auntie";2
"opening";10
"blew";2
"ride";6
"screaming";3
"uncle";2
"mad";6
"aunt";3
"tries";2
"everyones";3
"mess";4
"tailed";2
"later";17
"haha";31
"notice";3
"worry";4
"personal";8
"blur";2
"soon";17
"carries";3
"flow";4
"oxygen";2
"feedings";2
"rooting";2
"sucking";2
"piano";3
"chopin";3
"rachmaninoff";2
"brahms";2
"ravel";2
"dedicating";2
"creative";6
"writers";6
"compare";2
"searching";4
"pointed";2
"pieces";6
"colors";5
"gorgeous";5
"highly";4
"pianist";2
"frustrating";3
"natural";4
"expectation";2
"opposite";4
"taken";9
"confused";5
"plain";3
"strange";6
"discovered";3
"indians";6
"desire";5
"caused";4
"golf";4
"deadline";2
"development";14
"artists";6
"multitasking";3
"problematic";2
"activity";4
"productive";3
"efficiency";2
"planned";6
"wings";5
"church";12
"gerald";3
"bray";2
"churches";2
"formation";3
"doctrine";2
"deity";7
"discussion";2
"dose";2
"invented";2
"rightly";2
"points";7
"debates";2
"questioning";2
"belief";3
"quoting";3
"invitees";2
"slip";2
"luck";11
"swimming";2
"rain";11
"duck";3
"musical";4
"chairs";3
"discovery";2
"yellow";5
"sandow's";2
"fcw";2
"jordan";5
"honest";3
"wrestling";4
"smackdown";3
"officially";4
"apple";6
"fold";2
"seal";2
"focused";3
"gathering";5
"acquaintances";2
"chopped";2
"nuts";6
"private";14
"franklin";4
"pretend";3
"journal";3
"feelings";7
"overwhelmed";2
"king";7
"furious";2
"escaped";2
"continuing";2
"deeply";4
"double";13
"vanity";2
"collection";4
"pieced";2
"today's";9
"target";6
"brainer";3
"reduction";2
"comparison";2
"traditional";5
"printed";2
"dirty";4
"august";2
"hoping";3
"survive";3
"visible";2
"cake";2
"sunday";12
"laws";2
"fellow";4
"sisters";4
"completed";2
"dt";2
"evening";6
"changed";6
"spring";12
"everywhere";5
"buds";2
"salad";3
"details";15
"ways";11
"sponsorship";2
"tour";5
"schedule";5
"please";33
"petition";5
"updates";2
"latest";6
"turns";2
"holiday";5
"ranch";3
"amounts";2
"drinks";3
"anywhere";2
"twenty";4
"freddie";3
"easily";6
"tommy";2
"chong";2
"beard";2
"round";11
"garlic";3
"cooked";3
"stir";2
"serving";9
"dish";5
"wonderfully";2
"rarely";4
"blessing";3
"notoriously";2
"memory";2
"marc";2
"olivier";2
"director";11
"sources";4
"brafman";2
"strongly";2
"da";4
"wearing";3
"innocent";2
"ass";11
"instantly";4
"bet";5
"stamped";3
"designer";6
"apron";3
"bowl";9
"copic";2
"markers";3
"color";9
"portions";2
"shading";2
"mixing";3
"glorious";2
"comeback";3
"maru";3
"japanese";4
"box";4
"step";12
"litter";3
"catchy";2
"sing";3
"graphics";2
"evidence";7
"under";17
"jewelry";2
"information";12
"goods";3
"mrs";2
"revelation";2
"revealing";2
"himself";10
"faith";11
"preaching";2
"presentation";4
"awhile";3
"pizza";8
"tomato";2
"sauce";5
"mozzarella";2
"fits";2
"bill";12
"homemade";3
"alfredo";2
"thin";3
"cement";3
"tomatoes";3
"garnish";2
"oven";4
"fortunate";3
"gifts";3
"intended";4
"marketing";6
"view";10
"publishers";2
"limit";2
"finishing";3
"challenging";6
"shorter";2
"nine";2
"sixth";4
"sunshine";3
"freezing";2
"reminded";2
"bird";2
"previous";4
"master";4
"tough";6
"performance";7
"starts";6
"chase";2
"videos";3
"princess";2
"vegas";9
"favorites";2
"yeah";19
"fantasy";2
"lived";8
"million";4
"river";7
"eastern";2
"border";3
"growth";6
"calling";3
"doc";3
"holidays";2
"measure";5
"florida";8
"hill";7
"nw";2
"confident";5
"prepared";3
"bother";2
"survival";3
"aid";2
"crisis";5
"wished";2
"experts";5
"fields";2
"shawn";2
"bond";2
"son";8
"thou";4
"wilt";3
"save";5
"israel";4
"hast";2
"behold";2
"fleece";2
"dew";3
"stores";8
"pictures";8
"relates";2
"belong";2
"dammit";2
"supermarkets";2
"mark";9
"brits";2
"mention";6
"asks";5
"supposedly";3
"ivan";2
"quest";4
"documented";2
"bigfoot";3
"field";15
"bar";6
"lower";4
"studying";2
"women";8
"prove";2
"carried";2
"passenger";3
"evil";5
"created";3
"cycle";2
"birth";2
"destruction";4
"join";6
"punk";5
"rockin";3
"we'll";12
"courses";3
"pairings";2
"revolution";2
"includes";2
"tax";12
"crafting";2
"bead";2
"artist";8
"fell";3
"compared";3
"gotten";6
"serious";10
"level";11
"hook";5
"brewery";2
"magnolia";2
"butterfly";2
"bunny";2
"coloured";2
"papers";2
"offers";6
"poker";5
"rooms";5
"player";8
"win";31
"advantage";3
"chip";3
"bully";2
"stacks";2
"beats";3
"frame";5
"set";18
"investigators";3
"farm";5
"folks";6
"brown";11
"settle";3
"responded";3
"registered";2
"remained";3
"singing";8
"returned";3
"hometown";3
"note";6
"organization";8
"bureaucracy";3
"personnel";4
"kiss";3
"lose";7
"poem";2
"denials";2
"suggest";3
"relaxation";2
"industry";9
"women's";3
"lonely";5
"buys";3
"clothing";2
"piles";2
"countries";6
"unibroue";2
"outstanding";2
"canadian";6
"french";6
"suspects";3
"fox";4
"retire";2
"session";4
"brasserie";2
"peters";2
"raining";3
"situation";9
"road";11
"drivers";2
"cars";4
"mountains";3
"forest";3
"mate";2
"wil";2
"conclusion";4
"biggest";8
"ceiling";2
"scenery";2
"views";2
"buildings";3
"blueberry";2
"vegan";2
"meals";4
"easiest";3
"jumpin";2
"flash";4
"posting";2
"december";3
"yankees";2
"sentence";5
"understanding";3
"cent";2
"sidney";2
"return";6
"tear";5
"deny";2
"sees";7
"immediately";8
"signaling";2
"regina";2
"setting";2
"stands";3
"sudden";3
"henry";2
"obviously";4
"politician";2
"stalls";2
"cup";12
"rose";4
"pro";4
"towns";2
"attacks";2
"army";2
"stranger";3
"rough";3
"faux";4
"tech";4
"devices";2
"tristan";2
"hart";3
"candy";4
"joke";2
"pants";3
"fabric";5
"temptation";2
"adore";2
"patterns";2
"pulse";2
"spiritual";3
"listened";2
"helping";5
"regained";2
"scared";3
"painful";2
"interested";14
"collaboration";3
"maximum";2
"fond";2
"co";13
"rush";6
"announced";6
"accessu";2
"training";7
"secretary";3
"leon";2
"warned";2
"engage";4
"further";8
"wipe";2
"ball";7
"aside";5
"shown";3
"across";17
"local";11
"nutty";2
"swiss";2
"hungry";4
"jeans";2
"gray";2
"clouds";2
"readership";2
"overtime";2
"individuals";5
"included";5
"hacked";2
"hacking";2
"planted";3
"walla";2
"onions";2
"art";21
"starter";6
"pots";2
"flies";3
"guilty";2
"security";4
"let's";15
"moral";4
"increasingly";3
"cost";6
"dragged";2
"t";10
"shirts";4
"button";7
"waste";4
"internal";4
"investigation";11
"rate";7
"recommend";2
"assess";2
"interest";12
"particular";3
"assume";2
"appropriate";6
"disciplinary";3
"s";7
"wow";18
"systems";3
"ads";2
"network";5
"emotional";5
"morris";3
"counting";2
"march";6
"ends";5
"sent";10
"squares";3
"blanket";2
"massive";4
"count";7
"active";4
"somewhat";3
"kiddo";2
"increase";7
"population";4
"duty";4
"honestly";4
"tribal";3
"sci";2
"fi";2
"tail";2
"victorian";2
"bored";3
"trick";3
"professor";5
"thru";2
"topics";3
"parenting";2
"childhood";4
"speech";3
"cas";2
"stopping";3
"cant";7
"regret";5
"royal";3
"murder";5
"re";4
"accusations";2
"historical";2
"protected";3
"worst";7
"disappointing";4
"success";7
"treatment";3
"researchers";2
"claimed";3
"touche";2
"cries";4
"lands";2
"crystal";2
"lips";3
"believed";4
"process";8
"sticks";3
"burn";2
"kenya";2
"looks";18
"virginia";2
"british";3
"original";8
"findings";3
"clover";2
"legs";3
"swelling";2
"herb";2
"medical";11
"congestion";4
"applied";3
"healing";2
"ofs";2
"helps";4
"software";3
"enabled";2
"businesses";5
"develop";3
"maintain";4
"applications";4
"mobile";6
"based";13
"atlanta";5
"offices";5
"washington";10
"dc";3
"philadelphia";3
"india";2
"earned";5
"trust";8
"clients";7
"healthcare";2
"hospitality";4
"insurance";4
"partnered";2
"web";8
"request";4
"vintage";4
"george";5
"w";7
"banks";2
"aimed";5
"affect";2
"windows";6
"award";6
"provides";2
"friendly";4
"space";12
"reply";2
"colored";3
"patterned";2
"adds";3
"depth";5
"titles";2
"spotted";2
"cover";4
"mainly";2
"inner";2
"create";11
"personality";3
"features";2
"spices";7
"vegetables";2
"indian";9
"flavored";2
"dishes";5
"abroad";2
"raised";3
"flavors";4
"cuisine";2
"stock";3
"necessary";6
"defined";2
"coaching";2
"result";5
"honey";3
"assistance";5
"dessert";2
"hearty";2
"gifted";2
"liebster";2
"darling";2
"gratitude";2
"esteem";2
"extremely";4
"wisdom";2
"generosity";2
"sheer";2
"incredible";3
"who's";8
"brand";6
"pleasure";8
"oysters";2
"soothe";2
"privacy";2
"fucked";4
"bridge";8
"chocolate";3
"grows";2
"authors";2
"twice";7
"damage";2
"environmental";6
"footprints";2
"tend";5
"differ";2
"california";11
"wing";3
"immigration";3
"mexico";8
"environment";6
"immigrants";3
"responsible";5
"pollution";3
"nobody";8
"footprint";2
"hundred";6
"ten";8
"retired";2
"resource";2
"base";3
"thirty";2
"size";3
"raise";3
"apartment";6
"abundance";3
"refreshed";2
"difficult";13
"lunch";11
"ice";3
"machine";3
"bummed";2
"basketball";2
"vodka";2
"wrap";2
"household";3
"enjoying";3
"disappointed";3
"buses";3
"etc";6
"rectangle";2
"drew";5
"remembered";2
"critics";4
"largely";6
"naturally";2
"listening";5
"toronto";3
"definition";3
"perspective";7
"pow";3
"r";12
"boom";4
"l";4
"considered";3
"deliver";2
"pick";11
"spiced";2
"workshop";2
"participants";2
"received";3
"credit";3
"immediate";5
"mission";6
"mt";3
"salty";2
"sharp";2
"lactose";2
"ages";2
"p's";2
"p.s";2
"cupcakes";2
"ordered";3
"grocery";2
"kim";3
"miracles";4
"glory";3
"testimony";2
"biblical";2
"strategy";5
"lance";2
"push";5
"strong";9
"q";7
"novels";2
"series";5
"mormon";2
"domestic";3
"brew";2
"miles";3
"traveled";3
"healthy";10
"thinking";15
"cares";3
"facebook";9
"literally";2
"lora";2
"gone";13
"lee";3
"trail";2
"appear";2
"constitutional";3
"guru";2
"buckley";2
"jr";2
"conspiracy";3
"criticized";4
"vocal";2
"international";7
"j";5
"morgan";3
"newest";2
"offering";6
"k";2
"hello";7
"sir";4
"specific";4
"advised";3
"advice";7
"lie";5
"cobb";2
"expert";2
"trade";4
"fled";2
"accused";2
"wife";9
"businessman";2
"ken";3
"plant";3
"company";16
"alcohol";3
"cigarettes";2
"gain";3
"script";2
"dressed";6
"fed";4
"client";6
"combination";3
"essential";2
"oils";4
"roman";3
"orange";6
"abdomen";2
"shifted";2
"mood";3
"appointments";2
"reference";3
"psychology";2
"heavily";5
"wedding";5
"relaxing";3
"lies";4
"commentators";2
"danger";4
"conservative";4
"bones";2
"sexual";6
"released";6
"nurture";2
"according";12
"studies";3
"asian";4
"boba";3
"crave";3
"begin";7
"beaten";2
"producing";2
"chief";9
"teach";7
"shouldn't";5
"relax";2
"glad";10
"otherwise";5
"recovery";7
"mo";5
"grandfather";2
"grew";2
"harder";4
"moves";4
"swiftly";2
"scene";2
"touches";2
"prince";3
"enjoyed";9
"moments";3
"notion";2
"central";9
"begins";4
"invest";7
"celebrating";2
"insert";3
"blinking";2
"menu";7
"appears";4
"html";3
"code";5
"twitter";33
"articles";2
"internet";6
"approve";5
"slave";2
"mills";2
"fur";3
"train";8
"society's";2
"crimes";2
"hodgson";2
"sun";10
"firmly";2
"spell";4
"indication";2
"sessions";3
"wins";4
"hanging";6
"january";2
"educate";2
"ward";2
"chicken";7
"disgusting";2
"planet";4
"hats";3
"captured";2
"imagination";2
"marley";3
"experienced";3
"you've";10
"tortured";2
"multiple";4
"week's";3
"hearing";7
"magic";5
"santa";4
"mr";8
"wilders";2
"threat";3
"horrible";2
"persistence";2
"capacity";3
"followed";6
"sincerely";2
"valuable";2
"indeed";5
"d";21
"flag";2
"fix";2
"broken";9
"insight";3
"thankfully";3
"charge";5
"drying";2
"waitress";2
"inflation";3
"dollar";7
"pacific";2
"minute";6
"competition";2
"ceo";3
"quality";5
"investment";3
"batches";2
"liquid";2
"hahaha";9
"school's";4
"beth";2
"concerned";2
"riding";3
"met";11
"eighteen";2
"married";5
"marry";2
"vulnerable";3
"bakery";2
"eclectic";2
"misses";2
"sick";9
"familiar";5
"networks";3
"committees";2
"organisation";3
"shop";4
"it'll";4
"general";10
"strike";3
"drawing";2
"empowered";2
"benefit";4
"officials";13
"managed";3
"defeat";2
"selling";8
"exclusive";2
"trials";2
"puzzle";2
"solving";2
"abilities";4
"rotten";2
"noreen";2
"sitting";5
"saved";2
"albums";2
"load";2
"feature";2
"apps";2
"tool";2
"correcting";2
"buffet";4
"aka";4
"lola";2
"breakfast";2
"egg";6
"intend";4
"zumba";2
"dvd";2
"whoever";2
"intention";2
"usda";2
"projects";14
"districts";2
"reduced";2
"enrollment";2
"encourages";3
"district";6
"filled";5
"adorable";5
"shining";3
"educational";2
"falls";3
"foreground";2
"footing";2
"element";2
"advanced";3
"supreme";5
"sight";3
"creation";4
"progress";3
"evolved";3
"distances";2
"diseases";3
"conditions";4
"cheat";2
"kill";3
"ska";2
"hates";2
"packed";3
"departure";2
"affected";2
"judge";9
"chat";6
"barry";4
"bonnie";6
"jim";8
"kathy";4
"heather";3
"babies";5
"daughters";2
"straws";2
"neutral";2
"reveal";4
"bags";3
"genealogy";2
"managing";3
"management";4
"tips";2
"outer";2
"bodice";2
"embroidery";2
"seat";4
"simpler";2
"attribute";2
"exceptional";2
"drawn";3
"wifi";2
"frank";3
"cotton";4
"tank";3
"socks";2
"beast";2
"angels";2
"cole";2
"cuts";5
"sliding";2
"panel";4
"hallway";2
"upstairs";2
"showing";4
"council";4
"residents";7
"bittacy";3
"implemented";2
"capital";2
"gaming";5
"forums";2
"gamers";3
"anniversary";2
"illinois";4
"bearing";2
"pye";2
"everyone's";2
"perplexing";2
"pop";7
"potential";4
"acted";2
"harmony";3
"subsequently";2
"reports";8
"crowd";4
"institute";2
"choices";3
"attending";3
"national";15
"begun";2
"importance";4
"seasons";2
"handmade";2
"lion";2
"desks";2
"neat";2
"scott";5
"horse";6
"tunnel";2
"vision";3
"anc";2
"leninist";2
"regime";2
"terrorist";2
"african";6
"trainer";2
"achieve";4
"intensity";2
"track";11
"breath";2
"larry";2
"annual";5
"sounded";2
"retro";3
"cafe";2
"galley";2
"collage";2
"sheets";3
"altered";2
"supplies";3
"finds";4
"destination";2
"roads";3
"whew";3
"tree";3
"challenged";3
"leading";3
"ultimately";5
"faithful";3
"reader";3
"rss";2
"attire";2
"contests";2
"baltimore";5
"tweets";8
"county";26
"addition";3
"netflix";2
"tone";2
"lillie";3
"ghosts";2
"federal";10
"agent";3
"neck";4
"medallions";2
"guard";6
"hog";2
"unexpected";2
"steps";4
"tba";3
"readily";2
"importantly";5
"woody";2
"allen";3
"films";3
"apartments";3
"culture";3
"wednesday";9
"bubba";2
"plans";10
"registration";2
"cancellations";2
"european";6
"register";2
"corona";2
"ca";2
"usa";2
"suffer";5
"multi";2
"platinum";2
"cheers";5
"walker";2
"pantip";2
"department";12
"plaza";2
"ex";4
"largest";4
"fake";2
"excellent";2
"metal";3
"corpse";2
"sang";3
"borrow";2
"thousands";4
"dollars";3
"resume";3
"roi";2
"investments";2
"plot";3
"buried";2
"unleash";2
"releasing";3
"necklace";2
"expanding";3
"flights";2
"september";3
"charity";3
"prison";3
"regulation";2
"detention";2
"surely";3
"apparent";2
"motives";2
"emotionally";2
"romance";2
"googly";2
"eyed";2
"stole";2
"portfolio";2
"hire";3
"jump";4
"lauren";3
"meeting";10
"seeking";2
"relationships";2
"novelty";3
"response";2
"bigger";2
"meetings";4
"shout";3
"flurry";2
"tickets";9
"freeze";3
"shake";6
"signs";2
"pantry";2
"regarding";2
"belongings";2
"coast";3
"agency";8
"reported";9
"barely";3
"sooner";3
"ginger";3
"combine";2
"container";2
"bbq";2
"strengthen";4
"deputy";3
"minister";2
"ambition";2
"injuries";4
"attract";3
"values";4
"aligned";2
"selves";3
"judged";3
"species";6
"ringed";2
"nicole";2
"reed";2
"warbler";3
"extract";2
"aggressive";3
"photography";2
"requests";2
"pre";4
"ninja";2
"flip";4
"sis";2
"riders";2
"costume";3
"superhero";2
"scale";2
"rocks";5
"vary";2
"grants";2
"columbus";2
"ohio";13
"ncaa";5
"cubs";2
"echoed";2
"inning";2
"los";10
"angeles";8
"spokesman";8
"craig";3
"continues";3
"hunt";2
"funds";2
"personally";4
"conversion";2
"surprise";4
"zone";2
"solid";2
"route";3
"celebrity";3
"chef";7
"dash";3
"queenie";2
"clown";3
"throw";9
"scored";4
"feed";3
"mexican";3
"marquez";2
"beating";2
"southern";7
"marriage";3
"equality";2
"legislation";3
"decisions";4
"settled";2
"places";3
"male";3
"establishment";2
"service";10
"wayne";3
"san";12
"lucas";2
"rep";7
"james";7
"carolina";3
"limits";5
"span";2
"official";5
"charged";4
"worldwide";2
"indictment";3
"wider";2
"corporations";2
"agencies";4
"cardinals";2
"hitter";2
"baseman";2
"david";9
"unlikely";3
"hosts";3
"slips";2
"gene";2
"burns";2
"ray";4
"relatives";2
"additional";3
"roommates";2
"extra";5
"rents";2
"cleveland";10
"downham";2
"oyler";2
"pull";2
"man's";2
"differences";2
"emphasized";4
"election";3
"uninsured";2
"elderly";3
"concerns";3
"quarter";2
"situations";2
"leadership";4
"diego";4
"leaving";5
"political";5
"patriot";2
"ruth";2
"stephen";2
"voting";2
"athletes";2
"amsterdam";2
"president";18
"referred";2
"attorney";8
"supp";2
"handled";2
"briefly";2
"reached";6
"oct";2
"accepted";4
"materials";4
"electronics";2
"cell";5
"phones";6
"resort";4
"patients";3
"failed";3
"recover";2
"facilities";2
"smith";5
"jacobs";2
"stadium";10
"trial";5
"financing";4
"developers";4
"they'll";4
"developing";3
"horton";3
"saturday's";2
"ceremony";2
"tourists";2
"dedicated";4
"challenges";3
"pool";8
"focusing";2
"divestment";3
"israeli";3
"occupation";2
"designing";2
"floats";2
"countertops";2
"newer";2
"facility";2
"classes";4
"directed";2
"harry";2
"elsewhere";2
"actress";4
"mcclain";2
"credits";2
"ruined";4
"night's";2
"c'mon";2
"decade";3
"traditions";3
"portland";10
"scorer";3
"bench";3
"shy";2
"seattle";6
"reception";2
"introduced";3
"bonded";2
"fans";9
"fewer";2
"jobs";8
"survey";4
"adp";2
"monthly";3
"wood";3
"cabin";2
"dining";5
"genuinely";2
"anna";2
"nelson";2
"decline";3
"projected";2
"risks";4
"company's";3
"securities";2
"commission";9
"lineup";3
"candles";2
"february";2
"uranium";2
"miners";3
"ed";3
"respected";2
"lung";2
"possibility";3
"issued";4
"manager";8
"repaired";2
"jose";2
"blues";5
"playoffs";3
"emergency";3
"rule";3
"cattle";2
"attack";4
"weak";2
"humor";2
"prosecutor";4
"colleague";3
"quietly";2
"ballard";2
"replace";6
"traffic";3
"privately";2
"revenues";2
"protective";2
"exploitation";2
"witnesses";2
"officer";6
"group's";2
"associated";5
"guillen";2
"ellis";3
"gary";2
"downs";3
"sen";6
"dick";4
"ill";3
"pushing";3
"allow";9
"debt";5
"bankruptcy";2
"suite";3
"resorts";2
"phoenix";5
"ocampo";2
"bail";2
"jail";5
"golden";2
"verdant";2
"delightful";2
"ye";2
"pa";2
"laura";2
"sold";5
"poll";2
"workers";6
"pension";5
"museum";4
"describes";2
"bayless";2
"busing";2
"eliminate";2
"evans";2
"administrators";3
"kelly";4
"olmsted";2
"prices";9
"sgt";3
"toilet";2
"draft";2
"expected";6
"vibe";2
"yoga";2
"audience";6
"jersey";6
"ricotta";2
"authorities";3
"massachusetts";3
"gov";4
"rick";2
"santorum";2
"ron";4
"speaker";4
"newt";2
"gingrich";2
"advocates";2
"qualifying";3
"colorado's";2
"constitution";4
"farms";2
"tweeting";8
"trouble";4
"broke";5
"dominating";3
"board";15
"eight";5
"divisions";2
"democrat";2
"capture";2
"legislators";2
"partners";3
"scientific";2
"fruit";4
"dartmouth";2
"michael";6
"fiscal";3
"speculation";2
"bonds";3
"rates";2
"investors";4
"proposals";2
"submissions";2
"sensors";2
"motorists";2
"app";8
"iphone";7
"block";3
"evan";3
"hired";2
"anthony";3
"coordinator";2
"akron";2
"communications";3
"legacy";2
"romney";6
"candidate";6
"traditionally";2
"gop";3
"republicans";3
"diverse";3
"democrats";6
"holding";3
"ap";4
"detroit";6
"november";3
"thanksgiving";6
"cookie";3
"houses";4
"cooking";4
"remove";4
"disease";3
"dying";4
"per";3
"uh";5
"chances";4
"rally";3
"stocks";2
"michigan";2
"intentions";3
"ann";2
"producers";2
"team's";3
"increased";2
"attendance";2
"scheduled";3
"feb";2
"skip";2
"agreed";4
"athletic";3
"frozen";3
"fourth";7
"agreement";5
"incentives";2
"goat";4
"puree";2
"tart";2
"bacon";4
"city's";3
"downtown";8
"uo";2
"cold";5
"customarily";2
"visiting";3
"expectations";3
"roger";3
"peven";2
"silent";3
"role";6
"anderson";2
"costumes";3
"holder";2
"taylor";3
"contrast";2
"guarantee";4
"stops";2
"relief";2
"garage";2
"portion";2
"pace";2
"edition";2
"proceeds";2
"virgin";2
"state's";3
"directly";3
"chris";7
"christie";6
"mouth";3
"marines";2
"louis";10
"receiving";3
"watches";2
"carefully";3
"pair";4
"representatives";3
"bissell";2
"alliance";2
"drama";2
"fit";3
"congress";3
"funding";3
"closing";2
"slaughterhouses";2
"adequate";4
"supporters";3
"kicking";3
"relations";2
"debate";4
"rams";2
"gm";2
"ski";3
"ryan";7
"cochran";2
"moody's";2
"rating";2
"indianapolis";2
"tenth";2
"charter";2
"serves";2
"jackson";7
"d.c";2
"records";4
"charges";6
"producer";2
"winds";2
"won";12
"convention";3
"elected";6
"delegates";2
"edison";2
"highway";2
"berea";2
"neighborhood";6
"window";3
"sanctions";3
"cuban";2
"ethnic";3
"annually";2
"cruise";2
"ships";2
"meanwhile";3
"paying";3
"arms";3
"digital";3
"grammy";2
"executive";10
"concert";8
"browns";3
"lineman";2
"squad";3
"fishing";3
"snapper";2
"steel";2
"pilot";3
"ballot";3
"twins";2
"marvel";3
"avengers";4
"x";6
"properties";2
"thor";2
"junk";3
"exercises";2
"muscles";4
"stretch";4
"stone";2
"administrator";4
"economic";10
"committee";6
"db";2
"thomas";7
"declined";4
"nook";2
"teammate";3
"fuel";2
"fbi";2
"agents";4
"forensic";2
"baldelli";2
"floors";3
"walls";2
"writer";3
"prime";3
"checks";3
"blamed";3
"testified";2
"attempts";2
"trenton";2
"soliciting";2
"donations";2
"welcomed";2
"unions";4
"agenda";3
"posted";4
"replay";2
"lebron";4
"conference";7
"voters";5
"buttery";2
"fish";4
"satisfy";2
"meat";4
"pan";3
"fried";2
"mountain";7
"gravy";2
"ah";6
"allegations";2
"imposed";2
"soccer";2
"teams";9
"volleyball";2
"oversight";4
"investigate";2
"affects";2
"stress";4
"levels";2
"dogs";3
"hopeful";2
"complaining";3
"columbia";2
"jefferson";2
"stripped";2
"standing";3
"association";4
"menashe";2
"indicated";2
"wildlife";3
"williams";3
"urban";2
"complicated";2
"irving";2
"recipients";2
"mary";4
"networking";2
"specialist";2
"bruce";2
"ozanne";2
"mayor's";2
"mayor";5
"playground";3
"respond";3
"experiences";3
"mcmillan";3
"reporter";2
"lakers";5
"phil";3
"afghan";3
"governor";3
"tent";2
"uncommon";2
"sincere";3
"integrity";2
"extraordinary";2
"don";2
"marshal";2
"warrant";2
"arrests";2
"newark";8
"essex";2
"minor";4
"chargers";2
"linebacker";5
"suit";4
"proved";2
"tackle";2
"iv";3
"delayed";2
"evolution";2
"bailout";2
"greece";2
"homeowners";2
"loan";2
"payments";3
"comic";2
"homicide";2
"spokeswoman";3
"groupon";2
"filed";3
"amid";2
"orders";2
"zoo";5
"climate";2
"votes";2
"combining";2
"contemporary";3
"indicate";3
"estate";4
"haile";2
"selassie";2
"puzzled";2
"pleased";3
"uncomfortable";2
"crush";3
"attempted";3
"dallas";2
"settings";2
"francisco";3
"backdrop";2
"cups";2
"honors";2
"riverview";2
"gardens";2
"abuse";2
"deaths";2
"fault";4
"brandon";3
"roy";3
"mandate";2
"prohibit";2
"bo";2
"suspended";3
"remaining";2
"heads";4
"screens";2
"illegal";3
"failure";3
"catonsville";3
"solutions";2
"kicks";2
"commerce";2
"kabul";3
"station";6
"classroom";3
"incident";6
"required";5
"dough";2
"prefers";3
"switch";3
"analysts";2
"manufacturing";4
"economy";6
"license";2
"comprised";2
"concrete";5
"connected";2
"extensive";2
"testing";3
"egypt's";2
"income";3
"trends";2
"sector";2
"study";5
"yearly";2
"chesterfield";2
"giants";5
"vancouver";3
"adam";2
"wasted";2
"passage";2
"bills";3
"swept";3
"supporting";2
"land";4
"delay";4
"chen";2
"rights";4
"emblematic";2
"breakdown";2
"gym";6
"showers";2
"installed";2
"exercise";2
"minded";2
"extend";2
"origins";2
"likelihood";2
"fiercely";2
"parliament";3
"promises";3
"ponder";2
"wondering";2
"brilliant";3
"announcement";3
"denver";2
"airbag";3
"weight";3
"factors";3
"candidates";2
"trend";2
"rare";4
"partnership";3
"gap";2
"actor";2
"frequent";2
"burnett";2
"festival";5
"firm";4
"corporate";3
"dawson";2
"joining";4
"arizona";2
"indefinite";2
"suspension";2
"oregon";3
"convicted";2
"drug";5
"simon";2
"families";3
"faced";2
"commitment";3
"rewarded";2
"cheer";3
"sam";2
"privilege";2
"hall";4
"fame";2
"longtime";3
"advisory";2
"nicely";2
"employees";4
"contribute";2
"lowest";2
"menendez";2
"karen";2
"detail";3
"senate";8
"shredded";2
"documents";2
"metro";4
"donate";2
"conservation";2
"federation";2
"radio";4
"movements";2
"impression";4
"constant";3
"reforms";3
"battle";3
"embarrassing";2
"everybody";8
"tuition";3
"retail";3
"reviews";2
"charlie";4
"jumping";3
"scrutiny";2
"solve";3
"worn";2
"furniture";4
"robust";3
"juice";4
"total";3
"miller";3
"texting";3
"print";4
"bears";2
"global";7
"closet";3
"admission";2
"marijuana";2
"july";2
"congressional";2
"antonio";2
"transit";2
"oregon's";2
"cascade";3
"meth";4
"requirement";2
"data";2
"fully";2
"consumer";2
"century";2
"aaron";3
"steven";2
"wake";5
"township";2
"reduce";2
"thirds";2
"embraced";2
"organ";3
"stressed";2
"sue";2
"scientists";3
"exams";2
"interview";3
"elementary";3
"missouri";2
"department's";2
"targets";2
"negative";2
"terrific";3
"lin";2
"crisp";2
"rice";2
"butter";2
"grains";2
"guests";3
"gather";2
"subway";2
"disability";2
"ingrained";2
"racism";2
"policies";2
"educated";2
"denial";2
"hating";2
"lawson";2
"dementia";2
"certified";3
"boulder";2
"smoke";2
"regional";3
"prosecutors";2
"sanchez";2
"dna";4
"guandique";4
"levy";2
"philly";4
"factory";2
"advance";3
"shift";3
"delays";2
"jeremy";2
"receiver";2
"ronnie";2
"grades";3
"surf";2
"waves";2
"locks";2
"jane";2
"thinks";4
"patient";2
"discrimination";2
"ailments";2
"qualified";2
"dovich";2
"heading";7
"precheck";2
"enrollee";2
"entry";4
"overseas";2
"allowing";3
"tsa";2
"risk";5
"deserve";2
"bread";4
"investigating";2
"drugs";2
"clark";2
"couples";4
"kevin";4
"kieffer";2
"homes";3
"bulk";2
"decent";2
"renewable";2
"atmosphere";2
"electronic";2
"voices";3
"doctor";3
"lacks";2
"slayings";3
"balfour";3
"weapon";4
"accordion";2
"horn";2
"cps";3
"beverly";3
"jazz";3
"dozens";2
"western";2
"namu";2
"korean";2
"vehicles";2
"galleries";2
"iconic";2
"turner";2
"arena";2
"bets";2
"mets";2
"doctors";2
"planner";2
"sporting";2
"olympics";3
"al";3
"houston";5
"stood";3
"treasurer";3
"balance";3
"oklahoma";2
"thunder";3
"lawmakers";2
"mayoral";2
"holocaust";3
"atrocities";2
"prevention";2
"weapons";4
"iran";2
"establish";2
"penn";2
"thompson";6
"attorneys";2
"locked";2
"collected";2
"innings";2
"marie";2
"initially";2
"finals";3
"determination";2
"credentials";2
"outcomes";2
"dominant";2
"nerves";2
"users";2
"penalty";3
"cleared";2
"vote";4
"crown";4
"couch";2
"sandwich";3
"she'd";2
"herzlich";2
"reaction";3
"anger";2
"lied";2
"larger";2
"tenure";3
"contaminated";3
"ranger";2
"customers";2
"rushed";2
"pickup";2
"hurts";2
"playbook";2
"split";4
"foreign";2
"bases";2
"demand";2
"heights";2
"tessie";2
"playful";3
"shots";2
"gas";3
"sustained";2
"mixed";3
"partner";3
"dilemma";2
"valentine's";2
"pocket";3
"coaches";2
"kick";8
"pumped";3
"instruments";2
"illnesses";3
"cigarillos";2
"burning";3
"plate";2
"worship";2
"methamphetamine";3
"unlawful";2
"possession";3
"artie's";2
"writes";3
"runway";2
"previously";2
"gasoline";2
"shut";4
"addressed";2
"statements";2
"heavy";6
"gunshot";2
"connecting";2
"mail";3
"newsletter";2
"startup";2
"proud";7
"hollande";2
"talented";2
"correct";3
"increases";2
"lets";10
"segments";3
"mud";2
"slick";2
"yard";2
"impressed";2
"tall";2
"basil";2
"bands";2
"orleans";2
"keynote";3
"gilbert";2
"potatoes";2
"website";2
"wedge";2
"relieve";2
"unwanted";2
"agreements";2
"hadn't";2
"bryan";2
"alongside";2
"tonight's";3
"wisconsin";3
"flats";2
"fluke";2
"organic";3
"lax";2
"innovation";2
"hubs";2
"bush";2
"matt";4
"drums";3
"diet";3
"dang";3
"truck";3
"addicted";2
"brain";3
"speed";4
"rail";4
"pack";5
"jay";3
"lifton";2
"atrocity";2
"abu";2
"palm";5
"victory";2
"italy";2
"generation";3
"distant";2
"stale";2
"year's";2
"nfc";3
"graham";3
"cornerback";2
"mile";2
"heck";3
"pillow";2
"throws";2
"educators";3
"inc";3
"builds";2
"chosen";2
"predators";2
"irish";2
"youtube";4
"founders";2
"highlighted";2
"willingham";2
"hurst";2
"beyler";2
"agree";7
"laid";2
"bang";2
"recipient";2
"medal";2
"mayo";3
"cargo";2
"ticks";2
"pets";2
"fireworks";3
"blackened";2
"independent";2
"wanting";2
"germany's";2
"psyche";2
"depression";2
"achieved";2
"scrimmage";2
"disciplined";2
"hop";2
"kansas";2
"instructions";2
"buffett";2
"departments";2
"cities";2
"windmill";2
"delivery";3
"offseason";2
"welker";2
"johnson";2
"rated";2
"confirm";2
"isaac";2
"nba";4
"billy";2
"failing";2
"awareness";2
"nuclear";3
"joan";2
"rivers";4
"neighbor";2
"sharpen";2
"channel";3
"funeral";2
"motion";2
"loudest";2
"port";2
"arnold";3
"regulations";2
"altercation";2
"karin";2
"danielle's";2
"danielle";2
"talked";5
"poster";2
"benefits";3
"beesting";2
"lip";2
"peruvian";2
"tacos";2
"burned";2
"ned";2
"daniels";2
"minnesota";3
"anybody";5
"ritz";2
"carlton";2
"fire";7
"tracks";2
"u";56
"warren";2
"bobby";3
"marley's";2
"pinch";2
"vw";2
"camping";2
"davis";4
"jerry";2
"classified";3
"triple";2
"iowa";3
"derek";2
"donation";2
"ignorance";2
"trending";2
"spit";2
"dont";8
"smh";3
"housewives";2
"allergies";3
"tho";5
"lil";3
"mothers";4
"ya";9
"dictionary";3
"knicks";3
"yeaa";2
"motivation";2
"exam";2
"ain't";4
"cuz";3
"damn";13
"nigga";3
"lmao";10
"muscle";2
"wtf";3
"brett";2
"dat";4
"gotta";8
"yea";9
"tebow";4
"peyton";4
"bitch";8
"nope";3
"bout";6
"tigers";2
"v";2
"pm";2
"tiring";2
"o";10
"creepy";2
"followers";8
"verse";4
"remix";2
"timely";2
"cds";2
"flipping";2
"im";23
"wanna";14
"wizards";2
"pages";3
"bugs";2
"canceled";2
"awww";3
"thx";4
"hm";5
"marlins";2
"brutal";2
"rt";57
"wouldnt";2
"napoleon";3
"welp";2
"sucks";3
"crossing";3
"piss";2
"proof";2
"sexy";2
"ii";3
"lookin";2
"ppl";8
"c";5
"secretly";2
"congratulations";5
"congrats";7
"retweet";2
"courtyard";2
"treats";2
"cd";2
"tweet";16
"founder";2
"skype";3
"weirdest";2
"randomly";2
"spam";2
"naked";2
"bro";7
"prefer";3
"lolol";2
"legitimate";2
"holla";2
"ur";10
"gon";2
"yup";5
"dropping";2
"dave";4
"venue";2
"y'all";4
"qb";2
"tuned";2
"fam";4
"uw";3
"milwaukee";2
"ouch";2
"newsroom";2
"stomach";4
"explode";2
"la";11
"clips";2
"boston";2
"sox";2
"o's";2
"avatar";2
"cops";2
"ha";14
"buddy";2
"mitt";2
"hail";2
"goin";3
"membership";2
"billboard";2
"sometime";2
"fest";4
"wives";2
"espn";2
"coma";2
"yr";2
"peeps";3
"demi";2
"sarcastic";2
"staffing";2
"aww";3
"yep";2
"pics";2
"mf";2
"rainbow";2
"noise";3
"momma";2
"sag";2
"fags";2
"cleaned";2
"circumstance";2
"kobe";2
"dm";3
"nc";2
"til";2
"that'll";2
"influence";2
"tweeted";2
"sec";4
"brooklyn";2
"buffalo";3
"beans";2
"fb";2
"tweeps";2
"spurs";2
"pregnant";4
"bicycle";4
"holy";4
"shove";2
"a's";2
"bday";3
"handles";2
"caring";2
"sore";2
"regulators";2
"shorts";5
"profile";2
"disappoint";2
"dude";3
"moms";3
"jets";3
"cj";2
"watson";2
"um";3
"thoughts";3
"picking";2
"dumb";2
"zombie";3
"nfl";3
"officiating";2
"lazy";2
"justify";3
"yo";2
"den";2
"hater";3
"babes";3
"rebecca";2
"shark";2
"nominees";2
"thee";2
"lame";2
"spreading";3
"haters";3
"somethin";2
"dashboard";2
"wherever";2
"garbage";2
"xd";3
"abt";2
"boo";2
"indy";3
"wears";2
"hipster";2
"deserves";2
"chemistry";2
"ny";3
"bye";5
"thats";6
"classic";2
"disney";2
"gluten";2
"indiana";2
"stones";2
"vip";2
"goodnight";3
"ma";2
"heyy";2
"praying";3
"latter";2
"van";4
"elvis";2
"esp";2
"patience";2
"alright";3
"kinda";2
"joined";2
"repeat";2
"cough";2
"omg";3
"somebody";3
"realist";2
"crossed";3
"mall";2
"urself";2
"hollywood";2
"ruud";2
"nistelrooy";2
"tra";2
"tampa";3
"rappers";3
"fav";4
"workout";2
"bein";2
"walmart";2
"appreciated";2
"breaking";4
"lmfao";2
"y";2
"remind";2
"justin";3
"dating";2
"ian";2
"nephew";2
"nah";4
"mvp";2
"cheeseheads";2
"hut";2
"naw";2
"opengrooves.com";2
"bummer";2
"malibu";2
"announcements";2
"surgery";2
"gut";2
"er";2
"sushi";3
"blah";2
"insane";2
"mama";2
"custom";2
"rage";2
"figuring";2
"massage";3
"competencies";2
"votto";2
"rex";2
"tutorials";2
"nanny";2
"darkest";2
"bitches";2
"xp";2
"joey";2
"libraries";2
"wont";4
"trumpet";2
"toe";2
"fought";2
